-- MySQL dump 10.13  Distrib 8.0.36, for Win64 (x86_64)
--
-- Host: localhost    Database: company
-- ------------------------------------------------------
-- Server version	8.3.0

/*!40101 SET @OLD_CHARACTER_SET_CLIENT=@@CHARACTER_SET_CLIENT */;
/*!40101 SET @OLD_CHARACTER_SET_RESULTS=@@CHARACTER_SET_RESULTS */;
/*!40101 SET @OLD_COLLATION_CONNECTION=@@COLLATION_CONNECTION */;
/*!50503 SET NAMES utf8 */;
/*!40014 SET @OLD_UNIQUE_CHECKS=@@UNIQUE_CHECKS, UNIQUE_CHECKS=0 */;
/*!40014 SET @OLD_FOREIGN_KEY_CHECKS=@@FOREIGN_KEY_CHECKS, FOREIGN_KEY_CHECKS=0 */;
/*!40101 SET @OLD_SQL_MODE=@@SQL_MODE, SQL_MODE='NO_AUTO_VALUE_ON_ZERO' */;
/*!40111 SET @OLD_SQL_NOTES=@@SQL_NOTES, SQL_NOTES=0 */;

--
-- Table structure for table `admin`
--

DROP TABLE IF EXISTS admin;
/*!40101 SET @saved_cs_client     = @@character_set_client */;
/*!50503 SET character_set_client = utf8mb4 */;
CREATE TABLE `admin` (
  ID int NOT NULL AUTO_INCREMENT,
  username varchar(255) NOT NULL,
  `password` varchar(255) NOT NULL,
  email varchar(255) NOT NULL,
  PRIMARY KEY (ID)
) ENGINE=InnoDB AUTO_INCREMENT=2 DEFAULT CHARSET=utf8mb4 COLLATE=utf8mb4_0900_ai_ci;
/*!40101 SET character_set_client = @saved_cs_client */;

--
-- Dumping data for table `admin`
--

INSERT INTO admin VALUES (1,'Rayan','12345','442019304@sm.imamu.edu.sa');

--
-- Table structure for table `category`
--

DROP TABLE IF EXISTS category;
/*!40101 SET @saved_cs_client     = @@character_set_client */;
/*!50503 SET character_set_client = utf8mb4 */;
CREATE TABLE category (
  ID int NOT NULL AUTO_INCREMENT,
  `name` varchar(255) NOT NULL,
  `description` text,
  PRIMARY KEY (ID)
) ENGINE=InnoDB AUTO_INCREMENT=8 DEFAULT CHARSET=utf8mb4 COLLATE=utf8mb4_0900_ai_ci;
/*!40101 SET character_set_client = @saved_cs_client */;

--
-- Dumping data for table `category`
--

INSERT INTO category VALUES (1,'Motherboard','connecting key components for computer functionality.'),(2,'CPU','responsible for executing instructions'),(3,'GPU','responsible for handling tasks related to visual rendering'),(4,'RAM','Volatile memory for rapid data access during computer operations.'),(5,'Storage','Data storage devices for computers.'),(6,'Power Supply','Provides electrical power to the components of a computer system.'),(7,'ReadyPC','Fully assembled and configured personal computers for immediate use.');

--
-- Table structure for table `item`
--

DROP TABLE IF EXISTS item;
/*!40101 SET @saved_cs_client     = @@character_set_client */;
/*!50503 SET character_set_client = utf8mb4 */;
CREATE TABLE item (
  ID int NOT NULL AUTO_INCREMENT,
  `name` varchar(255) NOT NULL,
  logo varchar(255) DEFAULT NULL,
  `description` text,
  price decimal(10,2) NOT NULL,
  categoryID int DEFAULT NULL,
  PRIMARY KEY (ID),
  KEY categoryID (categoryID),
  CONSTRAINT item_ibfk_1 FOREIGN KEY (categoryID) REFERENCES category (ID)
) ENGINE=InnoDB AUTO_INCREMENT=19 DEFAULT CHARSET=utf8mb4 COLLATE=utf8mb4_0900_ai_ci;
/*!40101 SET character_set_client = @saved_cs_client */;

--
-- Dumping data for table `item`
--

INSERT INTO item VALUES (1,'Motherboard: MSI PRO B650-P WIFI Motherboard','../ProductImg/M1.jpg','The PRO B650-P WIFI is a compact ATX motherboard outfitted with the AMD B650 chipset (AM5, Ryzen 7000 ready); The VRM features MSI Core Boost technology for improved stability & performance',999.00,1),(2,'Motherboard: ASRock B650M Motherboard','../ProductImg/M2.jpg','Supports AMD Ryzen 7000 Series Processors and DDR 5 Ram',770.00,1),(3,'CPU: AMD Ryzen™ 7 7700X 8-Core','../ProductImg/C1.jpg','5.4 GHz Max Boost, unlocked for overclocking, 80 MB cache, DDR5-5200 support',1682.00,2),(4,'CPU: AMD Ryzen 7 7800X3D','../ProductImg/C2.jpg','8 MB L2 + 96 MB L3 cache memory provides excellent hit rate in short access time enabling improved system performance',1900.00,2),(5,'CPU: AMD Ryzen™ 5 7600','../ProductImg/C3.jpg','5.2 GHz Max Boost, unlocked for overclocking, 38 MB cache, DDR5-5200 support',1000.00,2),(6,'GPU: PowerColor AMD Radeon RX 7900 XT Graphics Card','../ProductImg/G1.jpg','Memory Clock: 20.0 Gbps.Memory Interface: 320-bit.1 x HDMI 2.1, 2x DisplayPort 2.1, 1x Type-C',4680.00,3),(7,'GPU: MSI Gaming GeForce RTX 4080 16GB','../ProductImg/G2.jpg','Ada Lovelace Architecture Graphics Card (Gaming X Trio)',6000.00,3),(8,'GPU: Zotac Gaming Geforce Rtx 3060 Ti 8GB Gddr6','../ProductImg/G3.jpg','NVIDIA Ampere architecture, 2nd Gen Ray Tracing Cores, 3rd Gen Tensor Cores',2450.00,3),(9,'RAM: Corsair DDR5 32GB (2x16GB) 5600MHz','../ProductImg/R1.jpg','Push The Limits Of Your System Like Never Before With Corsair Ddr5 Memory, Unlocking Even Faster Frequencies, Greater Capacities, And Higher Cpu Processing.',339.00,4),(10,'RAM: VENGEANCE RGB DDR5 RAM 32GB (2x16GB) 6000MHz','../ProductImg/R2.jpg','Maximum Bandwidth and Tight Response Times: Optimized for peak performance on the latest Intel DDR5 motherboards.',500.00,4),(11,'Storage: Crucial P3 Plus 1TB M.2 SSD','../ProductImg/S1.jpg','NVMe (PCIe Gen4 x4) technology with up to 5000MB/s sequential reads, random read/write 650K/800K IOPS',294.00,5),(12,'Storage: Ediloca 1TB NVMe SSD 3D NAND1.3 PCIe Gen3x4 M.2','../ProductImg/S2.jpg','EN605 NVMe SSD can reduce OS and game/software latency, you can get stable and smooth gaming / office experience.',180.00,5),(13,'Power Supply: Corsair RM750e 80 PLUS Gold Efficiency','../ProductImg/P1.jpg','Reliable and efficient low-noise power supply with fully modular cabling, so you only have to connect the cables your system build needs.',670.00,6),(14,'Power Supply: Cooler Master 80 PLUS Gold 650W Power Supply','../ProductImg/P2.jpg','90% efficiency makes 80 PLUS Gold ideal for PC gaming systems with high energy demands - saving on utility costs and improving overall performance by reducing heat accumulation due to inefficient energy conversion',480.00,6),(15,'Ready-PC: ROG GAMING DESKTOP','../ProductImg/RP1.jpg','INTEL CORE I7 11700KF 3.6GHz /16GB DDR4 /1TB SATA + 256SSD / NVIDIA GeForce GTX 1660 Ti 6GB / WIN 10',3699.00,7),(16,'Ready-PC: Dell Vostro 3910 Business Desktop','../ProductImg/RP2.jpg','Intel Core i5-12400, 16GB DDR4 RAM, 256GB NVME SSD, 1TB HDD, 802.11AX WiFi, Bluetooth 5.2, HDMI, VGA, Windows 11 Pro',2190.00,7),(17,'Ready-PC: ZORD AURORA ULTRA GAMING','../ProductImg/RP3.jpg','13th GENERATION i7 PROCESSOR, RTX 4070 TI VIDEO CARD, 32GB MEMORY, WINDOWS 11 PRO.',8499.00,7);

--
-- Table structure for table `review`
--

DROP TABLE IF EXISTS review;
/*!40101 SET @saved_cs_client     = @@character_set_client */;
/*!50503 SET character_set_client = utf8mb4 */;
CREATE TABLE review (
  ID int NOT NULL AUTO_INCREMENT,
  item_id int DEFAULT NULL,
  `name` varchar(255) DEFAULT NULL,
  body text,
  rating int DEFAULT NULL,
  PRIMARY KEY (ID),
  KEY item_id (item_id),
  CONSTRAINT review_ibfk_1 FOREIGN KEY (item_id) REFERENCES item (ID)
) ENGINE=InnoDB AUTO_INCREMENT=85 DEFAULT CHARSET=utf8mb4 COLLATE=utf8mb4_0900_ai_ci;
/*!40101 SET character_set_client = @saved_cs_client */;

--
-- Dumping data for table `review`
--

INSERT INTO review VALUES (1,1,'Sarah Smith','The MSI PRO B650-P WIFI motherboard has been a reliable choice for my system. The AMD B650 chipset and Core Boost technology deliver noticeable stability and improved performance. At a price of 999.00 SAR, it offers good value for the features it provides.',4),(2,1,'Olivia Bennett','Impressed with the PRO B650-P WIFI. It handles Ryzen 7000 smoothly, and the Core Boost technology really shows its magic. Solid investment.',4),(3,1,'Marcus Rodriguez','The MSI B650-P WIFI has been the backbone of my system. It\'s compact, reliable, and the Core Boost tech gives it an extra edge. Definitely recommend.',3),(4,1,'Emily Chen','The AMD B650 chipset on this motherboard is a game-changer. Paired with Core Boost, it delivers on stability and performance. Worth every SAR.',4),(5,1,'David Nguyen','The MSI PRO B650-P WIFI is a solid choice. The AM5 compatibility is forward-thinking, and the Core Boost technology ensures a smooth computing experience.',4),(6,2,'Alex Thompson','The ASRock B650M motherboard is a budget-friendly option with AMD Ryzen 7000 Series support. Great value for the price!',4),(7,2,'Sophia Reynolds','I\'ve had a positive experience with the ASRock B650M. It smoothly handles AMD Ryzen 7000 Series processors, and the DDR5 RAM support is a plus.',4),(8,2,'Malik Patel','ASRock B650M offers solid performance at an affordable price. Ryzen 7000 compatibility and DDR5 support make it a smart choice for budget-conscious users.',3),(9,2,'Emily Watson','The ASRock B650M is a reliable motherboard for those on a budget. The AMD Ryzen 7000 Series support and DDR5 RAM compatibility add to its appeal.',3),(10,2,'Ryan Mitchell','For its price, the ASRock B650M is a good deal. It handles Ryzen 7000 processors well, and the DDR5 RAM support future-proofs your system.',4),(11,3,'Olivia Foster','The AMD Ryzen™ 7 7700X is a powerhouse with its 5.4 GHz Max Boost and 8 cores. Unlocked for overclocking adds flexibility, and the DDR5-5200 support is impressive.',4),(12,3,'Jason Reed','Impressed with the AMD Ryzen™ 7 7700X. The unlocked overclocking feature is a game-changer, and the DDR5-5200 support ensures high-speed performance.',4),(13,3,'Aisha Abdullah','The AMD Ryzen™ 7 7700X is a beast with its 5.4 GHz boost and DDR5-5200 support. Unlocked for overclocking is a nice touch for enthusiasts.',4),(14,3,'Ethan Hayes','The price-performance ratio of the AMD Ryzen™ 7 7700X is excellent. The 5.4 GHz boost and DDR5-5200 support make it a solid choice for high-end users.',4),(15,3,'Maya Patel','The AMD Ryzen™ 7 7700X delivers impressive speed with its 5.4 GHz boost, and the unlocked overclocking feature is perfect for fine-tuning performance.',4),(16,4,'Daniel Carter','The AMD Ryzen 7 7800X3D offers impressive cache memory with 8 MB L2 and a massive 96 MB L3. This translates to excellent system performance.',4),(17,4,'Sara Al-Mansoori','The AMD Ryzen 7 7800X3D\'s substantial 96 MB L3 cache is a game-changer for system responsiveness. Well worth the price for enhanced performance.',4),(18,4,'Javier Rodriguez','The AMD Ryzen 7 7800X3D is a solid choice for performance enthusiasts. The 96 MB L3 cache ensures smooth operation, making it worth the investment.',4),(19,4,'Lily Chang','Impressed with the cache setup on the AMD Ryzen 7 7800X3D. The 8 MB L2 and massive 96 MB L3 contribute to a noticeable boost in system speed.',4),(20,4,'Ahmed Abdullah','The AMD Ryzen 7 7800X3D\'s cache configuration is top-notch, providing excellent system performance. At 1900.00 SAR, it\'s a worthy investment.',4),(21,5,'Chloe Thompson','The AMD Ryzen™ 5 7600 is a decent processor with a 5.2 GHz Max Boost and DDR5-5200 support. The unlocked overclocking adds value for enthusiasts.',4),(22,5,'Muhammad Ali','The AMD Ryzen™ 5 7600 offers good performance at its price point. The 5.2 GHz boost and DDR5-5200 support make it a suitable choice for mid-range builds.',3),(23,5,'Isabella Chen','The AMD Ryzen™ 5 7600 provides reasonable specs for the price. The 5.2 GHz boost and DDR5-5200 support are commendable, but consider other options for higher performance.',3),(24,5,'Ahmed Khan','The AMD Ryzen™ 5 7600 is an affordable choice with decent specs. The 5.2 GHz boost and DDR5-5200 support offer good value for budget-conscious users.',4),(25,5,'Sophie Nguyen','While the AMD Ryzen™ 5 7600 is budget-friendly, the 5.2 GHz boost and DDR5-5200 support make it a competitive option for mid-range systems.',4),(26,6,'Oliver Davis','The PowerColor AMD Radeon RX 7900 XT is a beast with its 20.0 Gbps Memory Clock and extensive port options. A high-performing graphics card, but the price is a bit steep.',4),(27,6,'Layla Ahmed','The RX 7900 XT from PowerColor is a powerhouse. The 20.0 Gbps Memory Clock and versatile ports, including HDMI 2.1 and DisplayPort 2.1, make it a solid choice for gaming and content creation.',4),(28,6,'Javier Rodriguez','The PowerColor AMD Radeon RX 7900 XT offers impressive specs with a 20.0 Gbps Memory Clock and a variety of ports. However, the price may be a deterrent for budget-conscious users.',3),(29,6,'Aisha Malik','A high-end option with a 20.0 Gbps Memory Clock and excellent port selection. The PowerColor RX 7900 XT is a top-tier graphics card, but the price reflects that.',4),(30,6,'Ryan Mitchell','The PowerColor AMD Radeon RX 7900 XT is a premium graphics card with a 20.0 Gbps Memory Clock and versatile port options. While it\'s powerful, the price might be a consideration for some buyers.',3),(31,7,'Alex Turner','The MSI Gaming GeForce RTX 4080 with Ada Lovelace architecture is a gaming powerhouse. The Gaming X Trio design adds to its appeal. However, the price is on the higher side.',4),(32,7,'Sofia Rodriguez','MSI\'s RTX 4080 is a beast for gaming with Ada Lovelace architecture. The Gaming X Trio enhances its aesthetics, but the price might be a limiting factor for some.',4),(33,7,'Omar Al-Mansoori','The MSI Gaming GeForce RTX 4080 impresses with Ada Lovelace architecture and the Gaming X Trio design. However, the price may not be justified for all users.',3),(34,7,'Emily Foster','The RTX 4080 from MSI is a premium graphics card with Ada Lovelace architecture. The Gaming X Trio design is a nice touch, but the high price may limit its appeal.',3),(35,7,'Ahmed Khan','MSI\'s RTX 4080 is a solid performer with Ada Lovelace architecture. The Gaming X Trio design adds flair, but the price might be steep for some users.',4),(36,8,'Alex Turner','The Zotac RTX 3060 Ti is a fantastic deal! The NVIDIA Ampere architecture and 2nd Gen Ray Tracing Cores deliver superb gaming performance for the price.',4),(37,8,'Sophia Rodriguez','I\'m thrilled with the Zotac RTX 3060 Ti. The 8GB GDDR6 and 2nd Gen Ray Tracing Cores make it a solid choice for a mid-range GPU. Great value at 2450.00 SAR!',4),(38,8,'Emily Foster','The Zotac Gaming GeForce RTX 3060 Ti exceeded my expectations. The NVIDIA Ampere architecture and 2nd Gen Ray Tracing Cores deliver smooth gaming experiences.',4),(39,8,'Ahmed Khan','Value for money is excellent with the Zotac RTX 3060 Ti. The NVIDIA Ampere architecture ensures top-notch performance, making me a satisfied customer.',4),(40,8,'Jason Reed','Disappointed with the Zotac RTX 3060 Ti. Despite the NVIDIA Ampere architecture, I experienced issues that impacted my gaming experience. Expected better performance.',2),(41,9,'Olivia Bennett','Corsair DDR5 32GB kit is a game-changer! Unleashing my system\'s potential with faster frequencies and greater capacities. The price is reasonable for the performance boost.',4),(42,9,'Malik Patel','Corsair\'s DDR5 32GB kit is a solid investment. My system runs smoother with the higher frequencies, and the 5600MHz speed makes a noticeable difference in performance.',4),(43,9,'Lily Chang','Thrilled with Corsair DDR5 32GB! It pushes my system to new heights with faster frequencies. The 5600MHz speed is impressive, and the price is justified for the performance boost.',4),(44,9,'Javier Rodriguez','Corsair DDR5 32GB enhances my system\'s capabilities. The higher frequencies and greater capacities are noticeable, providing a smoother and more responsive experience.',3),(45,9,'Emily Watson','Disappointed with Corsair DDR5 32GB. Despite the promise of higher frequencies, I didn\'t experience a significant performance boost. The price seems a bit high for the marginal improvement.',2),(46,10,'Emma Turner','VENGEANCE RGB DDR5 RAM is a beast! The 6000MHz speed is phenomenal, providing maximum bandwidth and tight response times. The RGB adds a stylish touch. Well worth the price!',4),(47,10,'Ahmed Abdullah','My system is on fire with VENGEANCE RGB DDR5 RAM. The 6000MHz speed delivers incredible performance, and the RGB lighting adds a touch of flair. Great value for 500.00 SAR.',4),(48,10,'Sophia Rodriguez','VENGEANCE RGB DDR5 RAM is a game-changer! The 6000MHz speed ensures peak performance, and the RGB lighting adds a cool factor. Perfect for the latest Intel DDR5 motherboards.',4),(49,10,'Daniel Carter',' Impressed with VENGEANCE RGB DDR5 RAM. The 6000MHz speed optimizes my system\'s performance, and the RGB lighting is a nice touch. The price is justified for the quality.',3),(50,10,'Olivia Foster','VENGEANCE RGB DDR5 RAM didn\'t meet my expectations. The 6000MHz speed didn\'t provide a significant performance boost, and the RGB seems more for show than substance. Pricey for the results.',2),(51,11,'Aisha Malik','The Crucial P3 Plus 1TB M.2 SSD is a speed demon! With NVMe Gen4 technology, the 5000MB/s sequential reads are impressive. Excellent value at 294.00 SAR.',4),(52,11,'Javier Rodriguez','Loving the Crucial P3 Plus 1TB M.2 SSD! The NVMe Gen4 tech ensures lightning-fast performance. With 5000MB/s sequential reads, my system runs like a dream. Great deal for the price!',4),(53,11,'Lily Chang','Impressed with the Crucial P3 Plus 1TB M.2 SSD! The NVMe Gen4 and 5000MB/s sequential reads provide unmatched speed. At 294.00 SAR, it\'s a steal for the performance.',4),(54,11,'Emily Watson','Disappointed with the Crucial P3 Plus 1TB M.2 SSD. Despite the advertised speeds, I didn\'t experience a significant performance boost. The price seems high for the marginal improvement.',2),(55,12,'Sarah Smith','The Ediloca 1TB NVMe SSD is a hidden gem! The EN605 NVMe technology reduces latency, providing a stable and smooth gaming experience. Unbeatable value at 180.00 SAR.',4),(56,12,'Ahmed Abdullah','The Ediloca 1TB NVMe SSD is a pleasant surprise! EN605 technology delivers on its promise, reducing latency for a smooth gaming and office experience. Great deal for the price.',4),(57,12,'Emma Turner','Loving the Ediloca 1TB NVMe SSD! The EN605 technology works wonders, reducing OS and game/software latency. My system now runs like a dream. Outstanding value at 180.00 SAR.',4),(58,12,'Javier Rodriguez','Impressed with the Ediloca 1TB NVMe SSD! The EN605 technology delivers a stable and smooth gaming/office experience. At 180.00 SAR, it\'s a steal for the performance.',3),(59,12,'Olivia Foster','Disappointed with the Ediloca 1TB NVMe SSD. Despite the claims of reducing latency, I didn\'t notice a significant improvement in my gaming experience. The price is attractive, but the performance falls short.',1),(60,13,'Alex Turner','The Corsair RM750e is a reliable workhorse! The 80 PLUS Gold efficiency ensures power is used efficiently. Fully modular cabling makes cable management a breeze. Well worth the 670.00 SAR.',4),(61,13,'Sophia Rodriguez','Loving the Corsair RM750e! It\'s a quiet and efficient power supply. The fully modular cabling is a game-changer for clean cable management. Excellent value at 670.00 SAR.',4),(62,13,'Malik Patel','The Corsair RM750e is a fantastic choice! The 80 PLUS Gold efficiency and fully modular cabling contribute to a reliable and clean power supply. Great deal for the price.',3),(63,13,'Lily Chang','Impressed with the Corsair RM750e! It\'s a low-noise power supply that lives up to its reputation. Fully modular cabling makes setup easy, and at 670.00 SAR, it\'s a steal.',3),(64,13,'Jason Reed','Disappointed with the Corsair RM750e. Despite being fully modular, I encountered issues with power fluctuations. The 80 PLUS Gold efficiency didn\'t seem to translate to stable power delivery. Pricey for the performance.',1),(65,14,'Olivia Bennett','The Cooler Master 80 PLUS Gold 650W is a great pick! With 90% efficiency, it\'s ideal for gaming systems with high energy demands. The cost savings on utilities and reduced heat accumulation are fantastic. Excellent value at 480.00 SAR.',4),(66,14,'Ahmed Abdullah','Loving the Cooler Master 80 PLUS Gold! The 90% efficiency is a game-changer for my gaming rig, saving on utility costs. At 480.00 SAR, it\'s a steal for the performance.',4),(67,14,'Kaido','Impressed with the Cooler Master 80 PLUS Gold 650W! The 90% efficiency is noticeable, and it\'s perfect for my gaming system. The price of 480.00 SAR makes it a budget-friendly choice.',3),(68,14,'Shanks','The Cooler Master 80 PLUS Gold is a reliable choice. The 90% efficiency ensures optimal performance for gaming systems. The price of 480.00 SAR adds to its appeal.',3),(69,14,'Sophia Rodriguez','Disappointed with the Cooler Master 80 PLUS Gold. Despite the claims of 90% efficiency, I didn\'t notice a significant improvement. The power supply seemed to struggle under heavy loads. Expected better performance for the price.',2),(70,15,'Oden','The ROG Gaming Desktop is a powerhouse! With an Intel Core i7 11700KF, 16GB DDR4, and a NVIDIA GeForce GTX 1660 Ti, it handles gaming and multitasking with ease. Great value at 3699.00 SAR.',5),(71,15,'Malenia','Impressed with the ROG Gaming Desktop! The Intel Core i7 11700KF and GTX 1660 Ti deliver solid gaming performance. The 1TB SATA + 256GB SSD combo provides ample storage. Well worth the 3699.00 SAR.',4),(72,15,'Mohannad','The ROG Gaming Desktop is a beast! The Intel Core i7 11700KF and NVIDIA GeForce GTX 1660 Ti make it a gaming powerhouse. The 1TB SATA + 256GB SSD combo ensures speedy storage. Excellent value at 3699.00 SAR.',4),(73,15,'Mosab','Loving my ROG Gaming Desktop! The Intel Core i7 11700KF and GTX 1660 Ti combo provides a smooth gaming experience. The 1TB SATA + 256GB SSD cover my storage needs perfectly. Great deal at 3699.00 SAR.',3),(74,15,'Jason Reed','Disappointed with the ROG Gaming Desktop. The Intel Core i7 and GTX 1660 Ti are great, but the 1TB SATA + 256GB SSD combo feels limiting. Expected more storage options for the price.',2),(75,16,'Mohg','The Dell Vostro 3910 is a solid business desktop! The Intel Core i5-12400, 16GB DDR4 RAM, and the combo of 256GB NVME SSD + 1TB HDD make it a reliable workhorse. Windows 11 Pro is a bonus. Great value at 2190.00 SAR.',4),(76,16,'Malekith','Impressed with the Dell Vostro 3910! The Intel Core i5-12400 and the 16GB DDR4 RAM provide snappy performance. The 256GB NVME SSD + 1TB HDD combo offers ample storage. Windows 11 Pro is a nice addition. Excellent deal at 2190.00 SAR.',4),(77,16,'Amir','The Dell Vostro 3910 is a reliable business companion! With an Intel Core i5-12400, 16GB DDR4 RAM, and the efficient storage combo, it meets all my work needs. The addition of Windows 11 Pro is a great feature. Well worth the 2190.00 SAR.',3),(78,16,'Shakir','Loving my Dell Vostro 3910! The Intel Core i5-12400 and 16GB DDR4 RAM make multitasking a breeze. The 256GB NVME SSD + 1TB HDD combo is perfect for my storage needs. Windows 11 Pro is a nice touch. Great value at 2190.00 SAR.',2),(79,16,'Zoro','Disappointed with the Dell Vostro 3910. While the specs are decent, the 256GB NVME SSD feels limiting for business use. Expected more storage options for the price.',2),(80,17,'Rayan','The ZORD AURORA ULTRA GAMING is a beast! The 13th Gen i7 processor, RTX 4070 Ti, 32GB memory, and Windows 11 Pro make it a gaming powerhouse. Excellent value at 8499.00 SAR.',4),(81,17,'White beard','Impressed with the ZORD AURORA ULTRA GAMING! The 13th Gen i7 processor and RTX 4070 Ti deliver top-tier gaming performance. The 32GB memory ensures smooth multitasking. Windows 11 Pro is a great addition. Well worth the 8499.00 SAR.',4),(82,17,'Luffy','The ZORD AURORA ULTRA GAMING is a gaming dream come true! With the 13th Gen i7 processor, RTX 4070 Ti, and 32GB memory, it handles anything I throw at it. Windows 11 Pro is a nice bonus. Great deal at 8499.00 SAR.',5),(83,17,'Mohammed abdu','Loving my ZORD AURORA ULTRA GAMING! The 13th Gen i7 processor and RTX 4070 Ti provide unmatched gaming performance. The 32GB memory ensures smooth multitasking. Windows 11 Pro completes the package. Excellent value at 8499.00 SAR.',3),(84,17,'Mansoor','Disappointed with the ZORD AURORA ULTRA GAMING. While the specs are impressive, the price of 8499.00 SAR seems steep. Expected more value for the money.',1);

/*!40101 SET SQL_MODE=@OLD_SQL_MODE */;
/*!40014 SET FOREIGN_KEY_CHECKS=@OLD_FOREIGN_KEY_CHECKS */;
/*!40014 SET UNIQUE_CHECKS=@OLD_UNIQUE_CHECKS */;
/*!40101 SET CHARACTER_SET_CLIENT=@OLD_CHARACTER_SET_CLIENT */;
/*!40101 SET CHARACTER_SET_RESULTS=@OLD_CHARACTER_SET_RESULTS */;
/*!40101 SET COLLATION_CONNECTION=@OLD_COLLATION_CONNECTION */;
/*!40111 SET SQL_NOTES=@OLD_SQL_NOTES */;

-- Dump completed
